Name,Address,Lat,Lon,Monday,Tuesday,Wednesday,Thursday,Friday,Saturday,Sunday
The Woodlands Family YMCA at Branch Cross,"8100 Ashlane Way, The Woodlands, 77382",30.18291959,-95.56199512,5:00AM-9:00PM,5:00AM-9:00PM,5:00AM-9:00PM,5:00AM-9:00PM,5:00AM-8:00PM,6:00AM-6:00PM,12:00PM-6:00PM
The Woodlands YMCA Shadowbend,"6145 Shadowbend Place, The Woodlands, 77381",30.18674788,-95.4922476,5:00AM-9:00PM,5:00AM-9:00PM,5:00AM-9:00PM,5:00AM-9:00PM,5:00AM-8:00PM,6:00AM-6:00PM,11:00AM-4:00PM
Holcomb Family YMCA,5201 Imperial Promenade Dr. Spring TX 77386,30.1347099,-95.36843745,6:00AM-8:30PM,6:00AM-8:30PM,6:00AM-8:30PM,6:00AM-8:30PM,6:00AM-8:30PM,7:00AM-4:00PM,10:00AM-2:00PM
Lake Houston Family YMCA,"2420 W Lake Houston Pkwy, Houston, TX 77339",30.04180999,-95.17641805,5:00AM-10:00PM,5:00AM-10:00PM,5:00AM-10:00PM,5:00AM-10:00PM,5:00AM-9:00PM,6:00AM-6:00PM,11:00AM-4:00PM
D. Bradley Mcwilliams YMCA At Cypress Creek,"19915 S.H. 249, Houston, TX 77070",29.98378527,-95.57042969,5:00AM-10:00PM,5:00AM-10:00PM,5:00AM-10:00PM,5:00AM-10:00PM,5:00AM-9:00PM,7:00AM-6:00PM,11:00AM-6:00PM
Langham Creek Family YMCA,"16725 Longenbaugh Dr, Houston, TX 77095",29.89888881,-95.66704965,5:00AM-9:00PM,5:00AM-9:00PM,5:00AM-9:00PM,5:00AM-9:00PM,5:00AM-8:00PM,7:00AM-6:00PM,12:00PM-5:00PM
Mark A Chapman Family YMCA,"1350 Main St, Katy, TX 77494",29.77179713,-95.82512695,5:00AM-9:00PM,5:00AM-9:00PM,5:00AM-9:00PM,5:00AM-9:00PM,5:00AM-9:00PM,7:00AM-7:00PM,1:00PM-7:00PM
Monty Ballard Family YMCA,"22807 Westheimer Pkwy, Katy, TX 77494",29.73371734,-95.7649363,5:00AM-9:00PM,5:00AM-9:00PM,5:00AM-9:00PM,5:00AM-9:00PM,5:00AM-9:00PM,7:00AM-7:00PM,1:00PM-7:00PM
Kendall Neighborhood Library,"609 N. Eldridge, Houston, TX 77079",29.77286681,-95.62058153,12:00PM-8:00PM,10:00AM-6:00PM,10:00AM-6:00PM,12:00PM-8:00PM,1:00PM-5:00PM,10:00AM-5:00PM,
Hackberry Community Center,7777 S. Dairy Ashford,29.69309574,-95.6033856,10:00AM-7:00PM,10:00AM-7:00PM,10:00AM-7:00PM,10:00AM-7:00PM,10:00AM-7:00PM,10:00AM-2:00PM,
TECHLink Alief,"11903 Bellaire Blvd, Houston, TX 77072",29.70279213,-95.58893986,12:00PM-8:00PM,10:00AM-6:00PM,10:00AM-6:00PM,12:00PM-8:00PM,1:00PM-5:00PM,10:00AM-5:00PM,
Robinson Westchase Library,"3223 Wilcrest Dr, Houston, TX 77042",29.72897019,-95.57096691,12:00PM-8:00PM,10:00AM-6:00PM,10:00AM-6:00PM,12:00PM-8:00PM,1:00PM-5:00PM,10:00AM-5:00PM,
Fort Bend Family YMCA,"4433 Cartwright Road, Missouri City, 77459",29.58176959,-95.57540511,5:00AM-9:00PM,5:00AM-9:00PM,5:00AM-9:00PM,5:00AM-9:00PM,5:00AM-9:00PM,7:00AM-5:00PM,
Stimley - Blue Ridge Library,"7007 W. Fuqua St, Missouri City, TX 77489",29.59831067,-95.49088585,10:00AM-6:00PM,10:00AM-6:00PM,12:00PM-8:00PM,10:00AM-6:00PM,1:00PM-5:00PM,10:00AM-5:00PM,
Walter Neighborhood Library,"7660 Clarewood Dr, Houston, TX 77036",29.70992847,-95.52051657,,,,,,10:00AM-5:00PM,
Marian Community Center,"11101 S. Gessner, Houston, TX 77071",29.66001942,-95.52349377,12:00PM-8:00PM,12:00PM-8:00PM,12:00PM-8:00PM,12:00PM-8:00PM,12:00PM-8:00PM,10:00AM-2:00PM,
West Orem Family YMCA,"5801 W Orem Dr. Houston, TX 77085",29.62799193,-95.47622817,"7:00AM-1:00PM,4:00PM-8:00PM","7:00AM-1:00PM,4:00PM-8:00PM","7:00AM-1:00PM,4:00PM-8:00PM","7:00AM-1:00PM,4:00PM-8:00PM","7:00AM-1:00PM,4:00PM-8:00PM",8:00AM-12:00PM,
Vinson Neighborhood Library,"3810 W. Fuqua, Houston, TX 77045",29.61421976,-95.4334175,10:00AM-6:00PM,10:00AM-6:00PM,10:00AM-6:00PM,10:00AM-6:00PM,10:00AM-6:00PM,10:00AM-5:00PM,
Townwood Community Center,"3403 Simsbrook Dr., Houston, TX 77045",29.62156854,-95.42940117,12:00PM-8:00PM,12:00PM-8:00PM,12:00PM-8:00PM,12:00PM-8:00PM,12:00PM-8:00PM,10:00AM-2:00PM,
Perry YMCA,"1700 W League City Pkwy, League City, TX 77573",29.48758006,-95.11105987,4:30AM-9:00PM,4:30AM-9:00PM,4:30AM-9:00PM,4:30AM-9:00PM,4:30AM-9:00PM,7:00AM-6:00PM,1:00PM-6:00PM
Vic Coppinger Family YMCA,"2700 YMCA Drive, Pearland, TX 77581",29.55530322,-95.26778383,4:30AM-9:00PM,4:30AM-9:00PM,4:30AM-9:00PM,4:30AM-9:00PM,4:30AM-9:00PM,7:00AM-6:00PM,12:00PM-6:00PM
Bracewell Neighborhood Library,"9002 Kingspoint Dr, Houston, TX 77075",29.60175306,-95.24535309,10:00AM-6:00PM,10:00AM-6:00PM,12:00PM-8:00PM,10:00AM-6:00PM,1:00PM-5:00PM,10:00AM-5:00PM,
Sagemont Community Center,"11507 Hughes Rd, Houston, TX 77089",29.59974424,-95.2160604,12:00PM-8:00PM,12:00PM-8:00PM,12:00PM-8:00PM,12:00PM-8:00PM,12:00PM-8:00PM,10:00AM-2:00PM,
Wendel D. Ley Family YMCA,"15055 Wallisville Rd, Houston, TX 77049",29.80733378,-95.17357354,5:00AM-10:00PM,5:00AM-9:00PM,5:00AM-9:00PM,5:00AM-9:00PM,5:00AM-9:00PM,8:00AM-4:00PM,
Brenda and John Duncan YMCA,"10655 Clay Rd, Houston, TX 77041",29.83117935,-95.55346688,5:00AM-9:00PM,5:00AM-9:00PM,5:00AM-9:00PM,5:00AM-9:00PM,5:00AM-8:00PM,7:00AM-3:00PM,11:00AM-4:00PM
Hillendahl Library,"2436 Gessner Dr, Houston, TX 77080",29.81579505,-95.54471354,10:00AM-6:00PM,10:00AM-6:00PM,12:00PM-8:00PM,10:00AM-6:00PM,1:00PM-5:00PM,10:00AM-5:00PM,
Collier Regional Library,"6200 Pinemont Dr, Houston, TX 77092",29.8407295,-95.48209145,12:00PM-8:00PM,10:00AM-6:00PM,10:00AM-6:00PM,12:00PM-8:00PM,1:00PM-5:00PM,10:00AM-5:00PM,
Shepard-Acres Homes Neighborhood Library,"8501 W. Montgomery Rd, Houston, TX 77088",29.8710929,-95.43675519,10:00AM-6:00PM,10:00AM-6:00PM,12:00PM-8:00PM,10:00AM-6:00PM,1:00PM-5:00PM,10:00AM-5:00PM,
Melrose Community Center,"1001 Canino Rd, Houston, TX 77076",29.87695409,-95.36760828,12:00PM-8:00PM,12:00PM-8:00PM,12:00PM-8:00PM,12:00PM-8:00PM,12:00PM-8:00PM,10:00AM-2:00PM,
TECHLink Scenic Woods,"10677 Homestead Rd, Houston, TX 77016",29.86988356,-95.30097321,12:00PM-8:00PM,2:00PM-6:00PM,2:00PM-6:00PM,12:00PM-8:00PM,1:00PM-5:00PM,10:00AM-5:00PM,
Tidwell Community Center,"9720 Spaulding St, Houston, TX 77016",29.85144759,-95.30354138,12:00PM-8:00PM,12:00PM-8:00PM,12:00PM-8:00PM,12:00PM-8:00PM,12:00PM-8:00PM,10:00AM-2:00PM,
Freed Community Center,"6818 Shadyvilla Ln, Houston, TX 77055",29.79689509,-95.47199937,,,,,,10:00AM-4:00PM,
Trotter Family YMCA,"1331 Augusta Dr, Houston, TX 77057",29.75305727,-95.481607,5:00AM-9:00PM,5:00AM-9:00PM,5:00AM-9:00PM,5:00AM-9:00PM,5:00AM-8:00PM,7:00AM-6:00PM,10:00AM-6:00PM
Jungman Neighborhood Library,"5830 Westheimer Rd, Houston, TX 77057",29.73866712,-95.48124138,10:00AM-6:00PM,10:00AM-6:00PM,12:00PM-8:00PM,10:00AM-6:00PM,1:00PM-5:00PM,10:00AM-5:00PM,
Looscan Neighborhood Library,"2510 Willowick Rd, Houston, TX 77027",29.74285182,-95.4413615,10:00AM-6:00PM,10:00AM-6:00PM,12:00PM-8:00PM,10:00AM-6:00PM,1:00PM-5:00PM,10:00AM-5:00PM,
Burnett Bayland Community Center,"6200 Chimney Rock, Houston, TX 77081",29.71559625,-95.47775471,,,,,,10:00AM-4:00PM,
Weekley Family YMCA,"7101 Stella Link Rd, Houston, TX 77025",29.70010164,-95.43905622,5:00AM-9:00PM,5:00AM-9:00PM,5:00AM-9:00PM,5:00AM-9:00PM,5:00AM-8:00PM,7:00AM-6:00PM,12:00PM-6:00PM
McGovern - Stella Link Library,"7405 Stella Link Rd, Houston, TX 77025",29.69824823,-95.43905687,12:00PM-8:00PM,10:00AM-6:00PM,10:00AM-6:00PM,12:00PM-8:00PM,1:00PM-5:00PM,10:00AM-5:00PM,
Sunnyside Multi-service Center,"4410 Reed Rd, Houston, TX 77051",29.65779718,-95.36079516,8:00AM-5:00PM,8:00AM-5:00PM,8:00AM-5:00PM,8:00AM-5:00PM,8:00AM-5:00PM,,12:00PM-6:00PM
Johnson Neighborhood Library,"3517 Reed Rd, Houston, TX 77051",29.65883504,-95.37077462,10:00AM-6:00PM,10:00AM-6:00PM,12:00PM-8:00PM,10:00AM-6:00PM,1:00PM-5:00PM,10:00AM-5:00PM,
Sunnyside Community Center,"3502 W Bellfort Ave, Houston, TX 77051",29.66891238,-95.3722795,12:00PM-8:00PM,12:00PM-8:00PM,12:00PM-8:00PM,12:00PM-8:00PM,12:00PM-8:00PM,10:00AM-2:00PM,
Candlelight Community Center,"1520 Candlelight Ln, Houston, TX 77018",29.83662358,-95.43734913,12:00PM-8:00PM,12:00PM-8:00PM,12:00PM-8:00PM,12:00PM-8:00PM,12:00PM-8:00PM,10:00AM-2:00PM,
Oak Forest Neighborhood Library,"1349 W 43rd St, Houston, TX 77018",29.82777624,-95.43367402,10:00AM-6:00PM,10:00AM-6:00PM,12:00PM-8:00PM,10:00AM-6:00PM,1:00PM-5:00PM,10:00AM-5:00PM,
Harriet and Joe Foster Family YMCA,"1234 W 34th St, Houston, TX 77018",29.81848414,-95.42184531,5:00AM-9:00PM,5:00AM-9:00PM,5:00AM-9:00PM,5:00AM-9:00PM,5:00AM-9:00PM,7:00AM-6:00PM,12:00PM-5:00PM
TECHLink Dixon," 8002 Hirsch Rd, Houston, TX 77016",29.83359947,-95.32821999,12:00PM-8:00PM,10:00AM-6:00PM,10:00AM-6:00PM,12:00PM-8:00PM,1:00PM-5:00PM,10:00AM-5:00PM,
McCrane-Kashmere Gardens Library,"5411 Pardee St, Houston, TX 77026",29.80627478,-95.31630131,10:00AM-6:00PM,10:00AM-6:00PM,12:00PM-8:00PM,10:00AM-6:00PM,1:00PM-5:00PM,10:00AM-5:00PM,
Tuttle Neighborhood Library,"702 Kress St, Houston, TX 77020",29.77634332,-95.30766697,10:00AM-6:00PM,10:00AM-6:00PM,12:00PM-8:00PM,10:00AM-6:00PM,1:00PM-5:00PM,10:00AM-5:00PM,
"Judson Robinson, Sr.  Community Center","1422 Ledwicke St, Houston, TX 77029",29.76346993,-95.27057751,12:00PM-8:00PM,12:00PM-8:00PM,12:00PM-8:00PM,12:00PM-8:00PM,12:00PM-8:00PM,10:00AM-2:00PM,
Hartman Community Center,"9311 E Avenue P, Houston, TX 77012",29.72102695,-95.26119973,12:00PM-8:00PM,12:00PM-8:00PM,12:00PM-8:00PM,12:00PM-8:00PM,12:00PM-8:00PM,10:00AM-2:00PM,
Park Place Regional Library,"8145 Park Pl Blvd, Houston, TX 77017",29.68774381,-95.27523099,12:00PM-8:00PM,10:00AM-6:00PM,10:00AM-6:00PM,12:00PM-8:00PM,1:00PM-5:00PM,10:00AM-5:00PM,
Houston Texans YMCA,"5202 Griggs Rd, Houston, TX 77021",29.69754477,-95.33566473,5:00AM-9:00PM,5:00AM-9:00PM,5:00AM-9:00PM,5:00AM-9:00PM,5:00AM-9:00PM,8:00AM-2:00PM,
Young Neighborhood Library,"5107 Griggs Rd, Houston, TX 77021",29.69862288,-95.33668938,12:00PM-8:00PM,10:00AM-6:00PM,10:00AM-6:00PM,12:00PM-8:00PM,1:00PM-5:00PM,10:00AM-5:00PM,
Stanaker Neighborhood Library,"611 S Sgt Macario Garcia Dr, Houston, TX 77011",29.74017723,-95.30269134,10:00AM-6:00PM,10:00AM-6:00PM,12:00PM-8:00PM,10:00AM-6:00PM,1:00PM-5:00PM,10:00AM-5:00PM,
Magnolia Multi-Service Center,"7037 Capitol St, Houston, TX 77011",29.73475068,-95.30052639,8:00AM-5:00PM,8:00AM-5:00PM,8:00AM-5:00PM,8:00AM-5:00PM,8:00AM-5:00PM,,12:00PM-6:00PM
Flores Library,"110 N Milby St, Houston, TX 77003",29.75057849,-95.33448535,10:00AM-6:00PM,12:00PM-8:00PM,10:00AM-6:00PM,10:00AM-6:00PM,1:00PM-5:00PM,10:00AM-5:00PM,
Smith Neighborhood Library,"3624 Scott St, Houston, TX 77004",29.72281185,-95.35112712,10:00AM-6:00PM,10:00AM-6:00PM,12:00PM-8:00PM,10:00AM-6:00PM,1:00PM-5:00PM,10:00AM-5:00PM,
Emancipation Community Center,"3018 Emancipation Ave., 77004",29.7357463,-95.36403622,9:00AM-8:00PM,9:00AM-8:00PM,9:00AM-8:00PM,9:00AM-8:00PM,9:00AM-8:00PM,10:00AM-2:00PM,
"Judson Robinson, Jr. Community Center","2020 Hermann Dr, Houston, TX 77004",29.71681576,-95.38123365,9:00AM-8:00PM,9:00AM-8:00PM,9:00AM-8:00PM,9:00AM-8:00PM,9:00AM-8:00PM,10:00AM-2:00PM,
Parent Resource Library,"1500 Binz St, Houston, TX 77004",29.72299031,-95.38484303,,,,,,10:00AM-6:00PM,
Family History Research - Clayton Library,"5300 Caroline St, Houston, TX 77004",29.7258133,-95.38614052,12:00PM-5:00PM,10:00AM-5:00PM,10:00AM-5:00PM,12:00PM-7:00PM,10:00AM-5:00PM,8:00AM-5:00PM,
Freed-Montrose Library,"1001 California St, Houston, TX 77006",29.74542726,-95.39048995,10:00AM-6:00PM,10:00AM-6:00PM,12:00PM-8:00PM,10:00AM-6:00PM,1:00PM-5:00PM,10:00AM-5:00PM,
Tellepsen Family Downtown YMCA,"808 Pease St. Houston, TX 77002",29.75235459,-95.37008574,5:00AM-10:00PM,5:00AM-10:00PM,5:00AM-10:00PM,5:00AM-10:00PM,5:00AM-9:00PM,7:00AM-6:00PM,11:00AM-6:00PM
Julia Ideson Building," 550 McKinney St, Houston, TX 77002",29.75909811,-95.36894038,12:00PM-5:00PM,10:00AM-5:00PM,10:00AM-5:00PM,11:00AM-6:00PM,10:00AM-5:00PM,10:00AM-5:00PM,
African American Library @ Gregory School,"1300 Victor St. Houston, TX 77019  ",29.75423077,-95.38076169,12:00PM-5:00PM,10:00AM-5:00PM,10:00AM-5:00PM,12:00PM-7:00PM,10:00AM-5:00PM,8:00AM-5:00PM,
Fonde Community Center,"110 Sabine St, Houston, TX 77007",29.76308981,-95.37462272,9:00AM-8:00PM,9:00AM-8:00PM,9:00AM-8:00PM,9:00AM-8:00PM,9:00AM-8:00PM,10:00AM-2:00PM,
Stude Community Center,"1031 Stude St, Houston, TX 77007",29.77893212,-95.38520105,12:00PM-8:00PM,12:00PM-8:00PM,12:00PM-8:00PM,12:00PM-8:00PM,12:00PM-8:00PM,10:00AM-2:00PM,
Heights Neighborhood Library,"1302 Heights Blvd, Houston, TX 77008",29.79481801,-95.39689704,12:00PM-8:00PM,10:00AM-6:00PM,10:00AM-6:00PM,12:00PM-8:00PM,1:00PM-5:00PM,10:00AM-5:00PM,
Love Park Community Center,"1000 W 12th St, Houston, TX 77008",29.79294037,-95.40756044,12:00PM-8:00PM,12:00PM-8:00PM,12:00PM-8:00PM,12:00PM-8:00PM,12:00PM-8:00PM,10:00AM-2:00PM,
Woodland Community Center,"212 Parkview St, Houston, TX 77009",29.78454796,-95.36801408,12:00PM-8:00PM,12:00PM-8:00PM,12:00PM-8:00PM,12:00PM-8:00PM,12:00PM-8:00PM,10:00AM-2:00PM,
Carnegie Library,"1050 Quitman St, Houston, TX 77009",29.78259457,-95.35835702,10:00AM-6:00PM,10:00AM-6:00PM,12:00PM-8:00PM,10:00AM-6:00PM,1:00PM-5:00PM,10:00AM-5:00PM,
Moody Community Center,"3725 Fulton St, Houston, TX 77009",29.79422283,-95.36466772,12:00PM-8:00PM,12:00PM-8:00PM,12:00PM-8:00PM,12:00PM-8:00PM,12:00PM-8:00PM,10:00AM-2:00PM,
M.D. Anderson Family YMCA,"705 Cavalcade St, Houston, TX 77009",29.8041337,-95.36236518,5:00AM-9:00PM,5:00AM-9:00PM,5:00AM-9:00PM,5:00AM-9:00PM,5:00AM-5:00PM,7:00AM-1:00PM,
Kingwood Community Center,"4102 Rustic Woods Dr, Kingwood, TX 77345",30.05441137,-95.18440677,9:00AM-6:00PM,9:00AM-6:00PM,9:00AM-6:00PM,9:00AM-6:00PM,9:00AM-6:00PM,,
Aldine-Greenspoint Family YMCA,"500 Greens Rd, Houston, TX 77060",29.9503131,-95.40254791,9:00AM-6:00PM,9:00AM-6:00PM,9:00AM-6:00PM,9:00AM-6:00PM,9:00AM-6:00PM,,
Beverly Hills Community Center,"10201 Kingspoint Rd, Houston, TX 77075",29.61383358,-95.23599979,11:00AM-7:00PM,11:00AM-7:00PM,11:00AM-7:00PM,11:00AM-7:00PM,11:00AM-7:00PM,,
Almeda Community Center,"14201 Almeda School Rd, Houston, TX 77047",29.60102496,-95.41686626,11:00AM-7:00PM,11:00AM-7:00PM,11:00AM-7:00PM,11:00AM-7:00PM,11:00AM-7:00PM,,
Windsor Village Community Center,"14441 Croquet Ln, Houston, TX 77085",29.61743839,-95.47366536,11:00AM-7:00PM,11:00AM-7:00PM,11:00AM-7:00PM,11:00AM-7:00PM,11:00AM-7:00PM,,
Dr. Shannon Walker Neighborhood Library,"11630 Chimney Rock, Houston TX 77035",29.65353791,-95.48154584,10:00AM-6:00PM,10:00AM-6:00PM,12:00PM-8:00PM,10:00AM-6:00PM,1:00PM-5:00PM,10:00AM-4:00PM,
Platou Community Center,"11655 Chimney Rock Rd, Houston, TX 77035",29.65382966,-95.47873455,11:00AM-7:00PM,11:00AM-7:00PM,11:00AM-7:00PM,11:00AM-7:00PM,11:00AM-7:00PM,,
Godwin Community Center,"5101 Rutherglenn Dr, Houston, TX 77096",29.67274604,-95.46902663,11:00AM-7:00PM,11:00AM-7:00PM,11:00AM-7:00PM,11:00AM-7:00PM,11:00AM-7:00PM,,
Lansdale Community Center,"8201 Roos Rd, Houston, TX 77036",29.69952247,-95.52785224,8:00AM-7:00PM,8:00AM-7:00PM,8:00AM-7:00PM,8:00AM-7:00PM,8:00AM-7:00PM,,
Sharpstown Community Center,"6600 Harbor Town Dr, Houston, TX 77036",29.70698509,-95.53027081,11:00AM-7:00PM,11:00AM-7:00PM,11:00AM-7:00PM,11:00AM-7:00PM,11:00AM-7:00PM,,
HPL Southwest Express,"6400 High Star Dr, Houston, TX 77074",29.71130026,-95.495319,10:00AM-6:00PM,12:00PM-8:00PM,10:00AM-6:00PM,10:00AM-6:00PM,,,
Southwest Multi-Service Center,"6400 High Star Dr, Houston, TX 77074",29.71133846,-95.49547578,8:00AM-5:00PM,8:00AM-5:00PM,8:00AM-5:00PM,8:00AM-5:00PM,8:00AM-5:00PM,,
Linkwood Community Center,"3699 Norris Dr, Houston, TX 77025",29.68751932,-95.4333889,8:00AM-7:00PM,8:00AM-7:00PM,8:00AM-7:00PM,8:00AM-7:00PM,8:00AM-7:00PM,,
River Oaks Community Center,"3600 Locke Ln, Houston, TX 77027",29.74185944,-95.43405214,11:00AM-7:00PM,11:00AM-7:00PM,11:00AM-7:00PM,11:00AM-7:00PM,11:00AM-7:00PM,,
Ring Neighborhood Library,"8835 Long Point Rd, Houston, TX 77055",29.80273008,-95.50788094,10:00AM-6:00PM,12:00PM-8:00PM,10:00AM-6:00PM,10:00AM-6:00PM,,,
Carverdale Community Center,"9920 Porto Rico Rd, Houston, TX 77041",29.8479859,-95.5389363,11:00AM-7:00PM,11:00AM-7:00PM,11:00AM-7:00PM,11:00AM-7:00PM,11:00AM-7:00PM,,
Highland Park Community Center,"3316 De Soto St, Houston, TX 77091",29.8548856,-95.45710707,11:00AM-7:00PM,11:00AM-7:00PM,11:00AM-7:00PM,11:00AM-7:00PM,11:00AM-7:00PM,,
Crestmont Community Center,"5200 Selinsky Rd, Houston, TX 77048",29.63617543,-95.345342,11:00AM-7:00PM,11:00AM-7:00PM,11:00AM-7:00PM,11:00AM-7:00PM,11:00AM-7:00PM,,
Bessie Swindle Community Center,"11800 Scott St, Houston, TX 77047",29.63229122,-95.36754807,11:00AM-7:00PM,11:00AM-7:00PM,11:00AM-7:00PM,11:00AM-7:00PM,11:00AM-7:00PM,,
Edgewood Community Center,"5803 Bellfort Ave, Houston, TX 77033",29.66678785,-95.33171892,11:00AM-7:00PM,11:00AM-7:00PM,11:00AM-7:00PM,11:00AM-7:00PM,11:00AM-7:00PM,,
Mancuso Library,"6767 Bellfort Ave, Houston, TX 77087",29.66808526,-95.31031297,10:00AM-6:00PM,12:00PM-8:00PM,10:00AM-6:00PM,10:00AM-6:00PM,1:00PM-5:00PM,,
Garden Villas Community Center,"6720 S Haywood Dr, Houston, TX 77061",29.66415238,-95.29508506,11:00AM-7:00PM,11:00AM-7:00PM,11:00AM-7:00PM,11:00AM-7:00PM,11:00AM-7:00PM,,
Meadowcreek Community Center,"5333 Berry Creek Dr, Houston, TX 77017",29.68000279,-95.24336153,8:00AM-7:00PM,8:00AM-7:00PM,8:00AM-7:00PM,8:00AM-7:00PM,8:00AM-7:00PM,,
Charlton Community Center,"8200 Park Pl Blvd, Houston, TX 77017",29.6876768,-95.27394806,11:00AM-7:00PM,11:00AM-7:00PM,11:00AM-7:00PM,11:00AM-7:00PM,11:00AM-7:00PM,,
Ingrando Community Center,"7302 Keller, Houston, TX 77012",29.70604536,-95.28752414,11:00AM-7:00PM,11:00AM-7:00PM,11:00AM-7:00PM,11:00AM-7:00PM,11:00AM-7:00PM,,
Melcher Neighborhood Library,"7200 Keller St, Houston, TX 77012",29.70619737,-95.28959315,10:00AM-6:00PM,12:00PM-8:00PM,10:00AM-6:00PM,10:00AM-6:00PM,,,
Clinton Community Center,"200 Mississippi St, Houston, TX 77029",29.74358934,-95.26207405,11:00AM-7:00PM,11:00AM-7:00PM,11:00AM-7:00PM,11:00AM-7:00PM,11:00AM-7:00PM,,
Pleasantville Neighborhood Library,"1520 Gellhorn Dr, Houston, TX 77029",29.76382169,-95.27322537,10:00AM-6:00PM,12:00PM-8:00PM,10:00AM-6:00PM,10:00AM-6:00PM,,,
Hobart Taylor Community Center,"8100 Kenton St, Houston, TX 77028",29.81501163,-95.27778705,11:00AM-7:00PM,11:00AM-7:00PM,11:00AM-7:00PM,11:00AM-7:00PM,11:00AM-7:00PM,,
Lakewood Community Center,"8811 Feland St, Houston, TX 77028",29.84058995,-95.26773393,8:00AM-7:00PM,8:00AM-7:00PM,8:00AM-7:00PM,8:00AM-7:00PM,8:00AM-7:00PM,,
Northeast Multi-Service Center,"9720 Spaulding St, Houston, TX 77016",29.849509,-95.30468885,8:00AM-5:00PM,8:00AM-5:00PM,8:00AM-5:00PM,8:00AM-5:00PM,8:00AM-5:00PM,,
Shady Lane Community Center,"10220 Shady, Houston, TX 77093",29.85982187,-95.34252526,11:00AM-7:00PM,11:00AM-7:00PM,11:00AM-7:00PM,11:00AM-7:00PM,11:00AM-7:00PM,,
Moody Neighborhood Library,"9525 Irvington Blvd, Houston, TX 77076",29.84758302,-95.36282831,10:00AM-6:00PM,12:00PM-8:00PM,10:00AM-6:00PM,10:00AM-6:00PM,,,
Clark Community Center,"9718 Clark Rd, Houston, TX 77076",29.84847954,-95.37566028,11:00AM-7:00PM,11:00AM-7:00PM,11:00AM-7:00PM,11:00AM-7:00PM,11:00AM-7:00PM,,
Lincoln Community Center,"979 Grenshaw St, Houston, TX 77088",29.88030094,-95.4246971,12:00PM-8:00PM,12:00PM-8:00PM,12:00PM-8:00PM,12:00PM-8:00PM,12:00PM-8:00PM,,
Acres Homes Multi-Service Center,"6719 W Montgomery Rd, Houston, TX 77091",29.85750335,-95.42211454,8:00AM-8:30PM,8:00AM-8:30PM,8:00AM-8:30PM,8:00AM-8:30PM,8:00AM-5:30PM,,
Independence Heights Community Center,"603 E 35th St, Houston, TX 77022",29.81845575,-95.39091993,11:00AM-7:00PM,11:00AM-7:00PM,11:00AM-7:00PM,11:00AM-7:00PM,11:00AM-7:00PM,,
Kashmere Multi-Service Center,"4802 Lockwood Dr, Houston, TX 77026",29.80430771,-95.31656196,8:00AM-5:00PM,8:00AM-5:00PM,8:00AM-5:00PM,8:00AM-5:00PM,8:00AM-5:00PM,,
MacGregor Park Fitness Center,"5225 Calhoun Rd, Houston, TX 77021",29.70968934,-95.33987292,7:00AM-7:00PM,7:00AM-7:00PM,7:00AM-7:00PM,7:00AM-7:00PM,7:00AM-7:00PM,,
YMCA Children's Academy at Texas Medical Center,"5614 H. Mark Crosswell, Jr. Street, Houston, 77520",29.71070691,-95.37619406,6:00AM-6:30PM,6:00AM-6:30PM,6:00AM-6:30PM,6:00AM-6:30PM,6:00AM-6:30PM,,
Third Ward Multi-Service Center,"3611 Ennis St, Houston, TX 77004",29.72835993,-95.36161622,8:00AM-5:00PM,8:00AM-5:00PM,8:00AM-5:00PM,8:00AM-5:00PM,8:00AM-5:00PM,,
Cherryhurst Community Center,"1700 Missouri St, Houston, TX 77006",29.74443432,-95.39813608,11:00AM-7:00PM,11:00AM-7:00PM,11:00AM-7:00PM,11:00AM-7:00PM,11:00AM-7:00PM,,
Metropolitan Multi-Service Center,"1475 W Gray St, Houston, TX 77019",29.75239345,-95.40014981,8:00AM-5:00PM,8:00AM-5:00PM,8:00AM-5:00PM,8:00AM-5:00PM,8:00AM-5:00PM,,
Central Library,"500 McKinney St, Houston, TX 77002",29.75946442,-95.36998932,12:00PM-6:00PM,9:00AM-6:00PM,9:00AM-6:00PM,9:00AM-6:00PM,9:00AM-6:00PM,10:00AM-6:00PM,
DeZavala Community Center,"907 76th St, Houston, TX 77012",29.73780027,-95.28808848,11:00AM-7:00PM,11:00AM-7:00PM,11:00AM-7:00PM,11:00AM-7:00PM,11:00AM-7:00PM,,
Eastwood Community Center,"5020 Harrisburg Blvd, Houston, TX 77011",29.74237723,-95.3254921,11:00AM-7:00PM,11:00AM-7:00PM,11:00AM-7:00PM,11:00AM-7:00PM,11:00AM-7:00PM,,
Settegast Community Center,"3000 Garrow St, Houston, TX 77003",29.75306755,-95.3440077,11:00AM-7:00PM,11:00AM-7:00PM,11:00AM-7:00PM,11:00AM-7:00PM,11:00AM-7:00PM,,
Swiney Community Center,"2812 Cline St, Houston, TX 77020",29.76677739,-95.34066638,11:00AM-7:00PM,11:00AM-7:00PM,11:00AM-7:00PM,11:00AM-7:00PM,11:00AM-7:00PM,,
Fifth Ward Multi-Service Center,"4014 Market St, Houston, TX 77020",29.77215057,-95.33063335,8:00AM-5:00PM,8:00AM-5:00PM,8:00AM-5:00PM,8:00AM-5:00PM,8:00AM-5:00PM,,
Finnigan Community Center,"4900 Providence St, Houston, TX 77020",29.76936142,-95.31979288,12:00PM-8:00PM,12:00PM-8:00PM,12:00PM-8:00PM,12:00PM-8:00PM,12:00PM-8:00PM,,
Denver Harbor Multi-Service Center,"6402 Market St, Houston, TX 77020",29.7720774,-95.30473653,8:00AM-5:00PM,8:00AM-5:00PM,8:00AM-5:00PM,8:00AM-5:00PM,8:00AM-5:00PM,,
Tuffly Community Center,"3200 Russell St, Houston, TX 77026",29.79069802,-95.33155972,11:00AM-7:00PM,11:00AM-7:00PM,11:00AM-7:00PM,11:00AM-7:00PM,11:00AM-7:00PM,,
YMCA Children's Academy at Avenue Center,"3517 Irvington Blvd., Suite 150, Houston, TX 77009",29.79287847,-95.36119932,6:30AM-6:30PM,6:30AM-6:30PM,6:30AM-6:30PM,6:30AM-6:30PM,6:30AM-6:30PM,,
Proctor Plaza Community Center,"803 W Temple St, Houston, TX 77009",29.79329168,-95.38255465,11:00AM-7:00PM,11:00AM-7:00PM,11:00AM-7:00PM,11:00AM-7:00PM,11:00AM-7:00PM,,
Montie Beach Community Center,"915 Northwood St, Houston, TX 77009",29.80009766,-95.37871032,11:00AM-7:00PM,11:00AM-7:00PM,11:00AM-7:00PM,11:00AM-7:00PM,11:00AM-7:00PM,,
Milroy Community Center,"1205 Yale St, Houston, TX 77008",29.79265398,-95.39959795,9:00AM-10:00PM,9:00AM-10:00PM,9:00AM-10:00PM,9:00AM-10:00PM,,,
West End Multi-Service Center,"170 Heights Blvd, Houston, TX 77007",29.77254332,-95.39680471,8:00AM-5:00PM,8:00AM-5:00PM,8:00AM-5:00PM,8:00AM-5:00PM,8:00AM-5:00PM,,